timestamp,metric,promql,value,labels
2019-01-25 00:00:00,latency_p50,"latency_p50{job=""demo-services""}",0.02463928037400269,"{""job"": ""demo-services"", ""source"": ""real-traces""}"
2019-01-25 00:05:00,latency_p50,"latency_p50{job=""demo-services""}",0.018971555905263383,"{""job"": ""demo-services"", ""source"": ""real-traces""}"
2019-01-25 00:10:00,latency_p50,"latency_p50{job=""demo-services""}",0.027768000544028983,"{""job"": ""demo-services"", ""source"": ""real-traces""}"
2019-01-25 00:15:00,latency_p50,"latency_p50{job=""demo-services""}",0.021076885485264225,"{""job"": ""demo-services"", ""source"": ""real-traces""}"
2019-01-25 00:20:00,latency_p50,"latency_p50{job=""demo-services""}",0.025266463667990017,"{""job"": ""demo-services"", ""source"": ""real-traces""}"
2019-01-25 00:25:00,latency_p50,"latency_p50{job=""demo-services""}",0.02927212137789785,"{""job"": ""demo-services"", ""source"": ""real-traces""}"
2019-01-25 00:30:00,latency_p50,"latency_p50{job=""demo-services""}",0.026464970226639115,"{""job"": ""demo-services"", ""source"": ""real-traces""}"
2019-01-25 00:35:00,latency_p50,"latency_p50{job=""demo-services""}",0.02318422930684972,"{""job"": ""demo-services"", ""source"": ""real-traces""}"
2019-01-25 00:40:00,latency_p50,"latency_p50{job=""demo-services""}",0.02387333385950334,"{""job"": ""demo-services"", ""source"": ""real-traces""}"
2019-01-25 00:45:00,latency_p50,"latency_p50{job=""demo-services""}",0.022593886757105983,"{""job"": ""demo-services"", ""source"": ""real-traces""}"
2019-01-25 00:50:00,latency_p50,"latency_p50{job=""demo-services""}",0.02126174170689127,"{""job"": ""demo-services"", ""source"": ""real-traces""}"
2019-01-25 00:55:00,latency_p50,"latency_p50{job=""demo-services""}",0.02652594497987279,"{""job"": ""demo-services"", ""source"": ""real-traces""}"
2019-01-25 01:00:00,latency_p50,"latency_p50{job=""demo-services""}",0.02132570163021782,"{""job"": ""demo-services"", ""source"": ""real-traces""}"
2019-01-25 01:05:00,latency_p50,"latency_p50{job=""demo-services""}",0.023651899662587378,"{""job"": ""demo-services"", ""source"": ""real-traces""}"
2019-01-25 01:10:00,latency_p50,"latency_p50{job=""demo-services""}",0.02156807261315357,"{""job"": ""demo-services"", ""source"": ""real-traces""}"
2019-01-25 01:15:00,latency_p50,"latency_p50{job=""demo-services""}",0.02697031680064514,"{""job"": ""demo-services"", ""source"": ""real-traces""}"
2019-01-25 01:20:00,latency_p50,"latency_p50{job=""demo-services""}",0.02151517152091625,"{""job"": ""demo-services"", ""source"": ""real-traces""}"
2019-01-25 01:25:00,latency_p50,"latency_p50{job=""demo-services""}",0.02781478965502682,"{""job"": ""demo-services"", ""source"": ""real-traces""}"
2019-01-25 01:30:00,latency_p50,"latency_p50{job=""demo-services""}",0.02590420644827685,"{""job"": ""demo-services"", ""source"": ""real-traces""}"
2019-01-25 01:35:00,latency_p50,"latency_p50{job=""demo-services""}",0.02548694106591995,"{""job"": ""demo-services"", ""source"": ""real-traces""}"
2019-01-25 01:40:00,latency_p50,"latency_p50{job=""demo-services""}",0.030774444629558195,"{""job"": ""demo-services"", ""source"": ""real-traces""}"
2019-01-25 01:45:00,latency_p50,"latency_p50{job=""demo-services""}",0.02315112199686024,"{""job"": ""demo-services"", ""source"": ""real-traces""}"
2019-01-25 01:50:00,latency_p50,"latency_p50{job=""demo-services""}",0.021455969636204185,"{""job"": ""demo-services"", ""source"": ""real-traces""}"
2019-01-25 01:55:00,latency_p50,"latency_p50{job=""demo-services""}",0.029243465643302637,"{""job"": ""demo-services"", ""source"": ""real-traces""}"
2019-01-25 02:00:00,latency_p50,"latency_p50{job=""demo-services""}",0.028521972778028305,"{""job"": ""demo-services"", ""source"": ""real-traces""}"
2019-01-25 02:05:00,latency_p50,"latency_p50{job=""demo-services""}",0.024474492870329767,"{""job"": ""demo-services"", ""source"": ""real-traces""}"
2019-01-25 02:10:00,latency_p50,"latency_p50{job=""demo-services""}",0.023648488356948265,"{""job"": ""demo-services"", ""source"": ""real-traces""}"
2019-01-25 02:15:00,latency_p50,"latency_p50{job=""demo-services""}",0.02093621617047725,"{""job"": ""demo-services"", ""source"": ""real-traces""}"
2019-01-25 02:20:00,latency_p50,"latency_p50{job=""demo-services""}",0.02366511544836611,"{""job"": ""demo-services"", ""source"": ""real-traces""}"
2019-01-25 02:25:00,latency_p50,"latency_p50{job=""demo-services""}",0.019338379531108587,"{""job"": ""demo-services"", ""source"": ""real-traces""}"
2019-01-25 02:30:00,latency_p50,"latency_p50{job=""demo-services""}",0.02284755044735459,"{""job"": ""demo-services"", ""source"": ""real-traces""}"
2019-01-25 02:35:00,latency_p50,"latency_p50{job=""demo-services""}",0.022041355277417962,"{""job"": ""demo-services"", ""source"": ""real-traces""}"
2019-01-25 02:40:00,latency_p50,"latency_p50{job=""demo-services""}",0.022279116029043085,"{""job"": ""demo-services"", ""source"": ""real-traces""}"
2019-01-25 02:45:00,latency_p50,"latency_p50{job=""demo-services""}",0.02580935094645758,"{""job"": ""demo-services"", ""source"": ""real-traces""}"
2019-01-25 02:50:00,latency_p50,"latency_p50{job=""demo-services""}",0.025198174458045425,"{""job"": ""demo-services"", ""source"": ""real-traces""}"
2019-01-25 02:55:00,latency_p50,"latency_p50{job=""demo-services""}",0.02365500184914106,"{""job"": ""demo-services"", ""source"": ""real-traces""}"
2019-01-25 03:00:00,latency_p50,"latency_p50{job=""demo-services""}",0.01781408936672402,"{""job"": ""demo-services"", ""source"": ""real-traces""}"
2019-01-25 03:05:00,latency_p50,"latency_p50{job=""demo-services""}",0.024722568440708192,"{""job"": ""demo-services"", ""source"": ""real-traces""}"
2019-01-25 03:10:00,latency_p50,"latency_p50{job=""demo-services""}",0.019909395984756988,"{""job"": ""demo-services"", ""source"": ""real-traces""}"
2019-01-25 03:15:00,latency_p50,"latency_p50{job=""demo-services""}",0.024665347032346605,"{""job"": ""demo-services"", ""source"": ""real-traces""}"
2019-01-25 03:20:00,latency_p50,"latency_p50{job=""demo-services""}",0.02323493682613568,"{""job"": ""demo-services"", ""source"": ""real-traces""}"
2019-01-25 03:25:00,latency_p50,"latency_p50{job=""demo-services""}",0.02569113589060198,"{""job"": ""demo-services"", ""source"": ""real-traces""}"
2019-01-25 03:30:00,latency_p50,"latency_p50{job=""demo-services""}",0.021448142814827934,"{""job"": ""demo-services"", ""source"": ""real-traces""}"
2019-01-25 03:35:00,latency_p50,"latency_p50{job=""demo-services""}",0.026424265024211885,"{""job"": ""demo-services"", ""source"": ""real-traces""}"
2019-01-25 03:40:00,latency_p50,"latency_p50{job=""demo-services""}",0.025421592999453443,"{""job"": ""demo-services"", ""source"": ""real-traces""}"
2019-01-25 03:45:00,latency_p50,"latency_p50{job=""demo-services""}",0.032716408125732184,"{""job"": ""demo-services"", ""source"": ""real-traces""}"
2019-01-25 03:50:00,latency_p50,"latency_p50{job=""demo-services""}",0.02147410262251998,"{""job"": ""demo-services"", ""source"": ""real-traces""}"
2019-01-25 03:55:00,latency_p50,"latency_p50{job=""demo-services""}",0.02228293161527445,"{""job"": ""demo-services"", ""source"": ""real-traces""}"
2019-01-25 04:00:00,latency_p50,"latency_p50{job=""demo-services""}",0.023261387145668957,"{""job"": ""demo-services"", ""source"": ""real-traces""}"
2019-01-25 04:05:00,latency_p50,"latency_p50{job=""demo-services""}",0.029251869926676218,"{""job"": ""demo-services"", ""source"": ""real-traces""}"
2019-01-25 04:10:00,latency_p50,"latency_p50{job=""demo-services""}",0.02652597055741171,"{""job"": ""demo-services"", ""source"": ""real-traces""}"
2019-01-25 04:15:00,latency_p50,"latency_p50{job=""demo-services""}",0.020894138545897473,"{""job"": ""demo-services"", ""source"": ""real-traces""}"
2019-01-25 04:20:00,latency_p50,"latency_p50{job=""demo-services""}",0.023255334629256143,"{""job"": ""demo-services"", ""source"": ""real-traces""}"
2019-01-25 04:25:00,latency_p50,"latency_p50{job=""demo-services""}",0.031704747646643314,"{""job"": ""demo-services"", ""source"": ""real-traces""}"
2019-01-25 04:30:00,latency_p50,"latency_p50{job=""demo-services""}",0.02228295369866554,"{""job"": ""demo-services"", ""source"": ""real-traces""}"
2019-01-25 04:35:00,latency_p50,"latency_p50{job=""demo-services""}",0.024190860255451467,"{""job"": ""demo-services"", ""source"": ""real-traces""}"
2019-01-25 04:40:00,latency_p50,"latency_p50{job=""demo-services""}",0.024746770198647537,"{""job"": ""demo-services"", ""source"": ""real-traces""}"
2019-01-25 04:45:00,latency_p50,"latency_p50{job=""demo-services""}",0.02238392443538118,"{""job"": ""demo-services"", ""source"": ""real-traces""}"
2019-01-25 04:50:00,latency_p50,"latency_p50{job=""demo-services""}",0.025876443833773553,"{""job"": ""demo-services"", ""source"": ""real-traces""}"
2019-01-25 04:55:00,latency_p50,"latency_p50{job=""demo-services""}",0.023455649237158198,"{""job"": ""demo-services"", ""source"": ""real-traces""}"
2019-01-25 05:00:00,latency_p50,"latency_p50{job=""demo-services""}",0.020213731815352978,"{""job"": ""demo-services"", ""source"": ""real-traces""}"
2019-01-25 05:05:00,latency_p50,"latency_p50{job=""demo-services""}",0.02550160362846436,"{""job"": ""demo-services"", ""source"": ""real-traces""}"
2019-01-25 05:10:00,latency_p50,"latency_p50{job=""demo-services""}",0.028409705479940994,"{""job"": ""demo-services"", ""source"": ""real-traces""}"
2019-01-25 05:15:00,latency_p50,"latency_p50{job=""demo-services""}",0.0247467214801824,"{""job"": ""demo-services"", ""source"": ""real-traces""}"
2019-01-25 05:20:00,latency_p50,"latency_p50{job=""demo-services""}",0.031014895127889224,"{""job"": ""demo-services"", ""source"": ""real-traces""}"
2019-01-25 05:25:00,latency_p50,"latency_p50{job=""demo-services""}",0.03558443721339967,"{""job"": ""demo-services"", ""source"": ""real-traces""}"
2019-01-25 05:30:00,latency_p50,"latency_p50{job=""demo-services""}",0.025852217114681726,"{""job"": ""demo-services"", ""source"": ""real-traces""}"
2019-01-25 05:35:00,latency_p50,"latency_p50{job=""demo-services""}",0.01994709501813101,"{""job"": ""demo-services"", ""source"": ""real-traces""}"
2019-01-25 05:40:00,latency_p50,"latency_p50{job=""demo-services""}",0.025866614584202703,"{""job"": ""demo-services"", ""source"": ""real-traces""}"
2019-01-25 05:45:00,latency_p50,"latency_p50{job=""demo-services""}",0.025824839800356082,"{""job"": ""demo-services"", ""source"": ""real-traces""}"
2019-01-25 05:50:00,latency_p50,"latency_p50{job=""demo-services""}",0.024618463245761342,"{""job"": ""demo-services"", ""source"": ""real-traces""}"
2019-01-25 05:55:00,latency_p50,"latency_p50{job=""demo-services""}",0.024656909194965507,"{""job"": ""demo-services"", ""source"": ""real-traces""}"
2019-01-25 06:00:00,latency_p50,"latency_p50{job=""demo-services""}",0.02236995686158759,"{""job"": ""demo-services"", ""source"": ""real-traces""}"
2019-01-25 06:05:00,latency_p50,"latency_p50{job=""demo-services""}",0.024069942727105744,"{""job"": ""demo-services"", ""source"": ""real-traces""}"
2019-01-25 06:10:00,latency_p50,"latency_p50{job=""demo-services""}",0.027965973061486512,"{""job"": ""demo-services"", ""source"": ""real-traces""}"
2019-01-25 06:15:00,latency_p50,"latency_p50{job=""demo-services""}",0.02344062890559567,"{""job"": ""demo-services"", ""source"": ""real-traces""}"
2019-01-25 06:20:00,latency_p50,"latency_p50{job=""demo-services""}",0.021499698979520625,"{""job"": ""demo-services"", ""source"": ""real-traces""}"
2019-01-25 06:25:00,latency_p50,"latency_p50{job=""demo-services""}",0.026623724522073823,"{""job"": ""demo-services"", ""source"": ""real-traces""}"
2019-01-25 06:30:00,latency_p50,"latency_p50{job=""demo-services""}",0.022811398907550125,"{""job"": ""demo-services"", ""source"": ""real-traces""}"
2019-01-25 06:35:00,latency_p50,"latency_p50{job=""demo-services""}",0.01605429353842868,"{""job"": ""demo-services"", ""source"": ""real-traces""}"
2019-01-25 06:40:00,latency_p50,"latency_p50{job=""demo-services""}",0.016017077386239646,"{""job"": ""demo-services"", ""source"": ""real-traces""}"
2019-01-25 06:45:00,latency_p50,"latency_p50{job=""demo-services""}",0.02395162893011572,"{""job"": ""demo-services"", ""source"": ""real-traces""}"
2019-01-25 06:50:00,latency_p50,"latency_p50{job=""demo-services""}",0.028471888736728415,"{""job"": ""demo-services"", ""source"": ""real-traces""}"
2019-01-25 06:55:00,latency_p50,"latency_p50{job=""demo-services""}",0.01811555797162938,"{""job"": ""demo-services"", ""source"": ""real-traces""}"
2019-01-25 07:00:00,latency_p50,"latency_p50{job=""demo-services""}",0.026640489312101712,"{""job"": ""demo-services"", ""source"": ""real-traces""}"
2019-01-25 07:05:00,latency_p50,"latency_p50{job=""demo-services""}",0.03571771106790147,"{""job"": ""demo-services"", ""source"": ""real-traces""}"
2019-01-25 07:10:00,latency_p50,"latency_p50{job=""demo-services""}",0.022609715107916165,"{""job"": ""demo-services"", ""source"": ""real-traces""}"
2019-01-25 07:15:00,latency_p50,"latency_p50{job=""demo-services""}",0.031115656568602847,"{""job"": ""demo-services"", ""source"": ""real-traces""}"
2019-01-25 07:20:00,latency_p50,"latency_p50{job=""demo-services""}",0.01669199066716719,"{""job"": ""demo-services"", ""source"": ""real-traces""}"
2019-01-25 07:25:00,latency_p50,"latency_p50{job=""demo-services""}",0.01822770628092253,"{""job"": ""demo-services"", ""source"": ""real-traces""}"
2019-01-25 07:30:00,latency_p50,"latency_p50{job=""demo-services""}",0.03271261722799864,"{""job"": ""demo-services"", ""source"": ""real-traces""}"
2019-01-25 07:35:00,latency_p50,"latency_p50{job=""demo-services""}",0.024702182247416715,"{""job"": ""demo-services"", ""source"": ""real-traces""}"
2019-01-25 07:40:00,latency_p50,"latency_p50{job=""demo-services""}",0.026981337580831908,"{""job"": ""demo-services"", ""source"": ""real-traces""}"
2019-01-25 07:45:00,latency_p50,"latency_p50{job=""demo-services""}",0.028841073301344236,"{""job"": ""demo-services"", ""source"": ""real-traces""}"
2019-01-25 07:50:00,latency_p50,"latency_p50{job=""demo-services""}",0.01761690152927125,"{""job"": ""demo-services"", ""source"": ""real-traces""}"
2019-01-25 07:55:00,latency_p50,"latency_p50{job=""demo-services""}",0.02247940000044026,"{""job"": ""demo-services"", ""source"": ""real-traces""}"
2019-01-25 08:00:00,latency_p50,"latency_p50{job=""demo-services""}",0.023358105472332334,"{""job"": ""demo-services"", ""source"": ""real-traces""}"
2019-01-25 08:05:00,latency_p50,"latency_p50{job=""demo-services""}",0.028406010437584887,"{""job"": ""demo-services"", ""source"": ""real-traces""}"
2019-01-25 08:10:00,latency_p50,"latency_p50{job=""demo-services""}",0.02480753499840342,"{""job"": ""demo-services"", ""source"": ""real-traces""}"
2019-01-25 08:15:00,latency_p50,"latency_p50{job=""demo-services""}",0.021966296008458393,"{""job"": ""demo-services"", ""source"": ""real-traces""}"
2019-01-25 08:20:00,latency_p50,"latency_p50{job=""demo-services""}",0.024854070736437955,"{""job"": ""demo-services"", ""source"": ""real-traces""}"
2019-01-25 08:25:00,latency_p50,"latency_p50{job=""demo-services""}",0.029035052201247826,"{""job"": ""demo-services"", ""source"": ""real-traces""}"
2019-01-25 08:30:00,latency_p50,"latency_p50{job=""demo-services""}",0.025120080026787946,"{""job"": ""demo-services"", ""source"": ""real-traces""}"
2019-01-25 08:35:00,latency_p50,"latency_p50{job=""demo-services""}",0.017800504169961925,"{""job"": ""demo-services"", ""source"": ""real-traces""}"
2019-01-25 08:40:00,latency_p50,"latency_p50{job=""demo-services""}",0.02600541771709451,"{""job"": ""demo-services"", ""source"": ""real-traces""}"
2019-01-25 08:45:00,latency_p50,"latency_p50{job=""demo-services""}",0.023680786888432514,"{""job"": ""demo-services"", ""source"": ""real-traces""}"
2019-01-25 08:50:00,latency_p50,"latency_p50{job=""demo-services""}",0.02841299268394157,"{""job"": ""demo-services"", ""source"": ""real-traces""}"
2019-01-25 08:55:00,latency_p50,"latency_p50{job=""demo-services""}",0.028226129331546317,"{""job"": ""demo-services"", ""source"": ""real-traces""}"
2019-01-25 09:00:00,latency_p50,"latency_p50{job=""demo-services""}",0.02394955268640631,"{""job"": ""demo-services"", ""source"": ""real-traces""}"
2019-01-25 09:05:00,latency_p50,"latency_p50{job=""demo-services""}",0.027028031549580507,"{""job"": ""demo-services"", ""source"": ""real-traces""}"
2019-01-25 09:10:00,latency_p50,"latency_p50{job=""demo-services""}",0.03157175657026522,"{""job"": ""demo-services"", ""source"": ""real-traces""}"
2019-01-25 09:15:00,latency_p50,"latency_p50{job=""demo-services""}",0.024146448312724916,"{""job"": ""demo-services"", ""source"": ""real-traces""}"
2019-01-25 09:20:00,latency_p50,"latency_p50{job=""demo-services""}",0.022998618183442298,"{""job"": ""demo-services"", ""source"": ""real-traces""}"
2019-01-25 09:25:00,latency_p50,"latency_p50{job=""demo-services""}",0.02534390565207072,"{""job"": ""demo-services"", ""source"": ""real-traces""}"
2019-01-25 09:30:00,latency_p50,"latency_p50{job=""demo-services""}",0.02551323112611621,"{""job"": ""demo-services"", ""source"": ""real-traces""}"
2019-01-25 09:35:00,latency_p50,"latency_p50{job=""demo-services""}",0.02211190361019632,"{""job"": ""demo-services"", ""source"": ""real-traces""}"
2019-01-25 09:40:00,latency_p50,"latency_p50{job=""demo-services""}",0.02845471538672712,"{""job"": ""demo-services"", ""source"": ""real-traces""}"
2019-01-25 09:45:00,latency_p50,"latency_p50{job=""demo-services""}",0.03096685201282217,"{""job"": ""demo-services"", ""source"": ""real-traces""}"
2019-01-25 09:50:00,latency_p50,"latency_p50{job=""demo-services""}",0.03017251866249309,"{""job"": ""demo-services"", ""source"": ""real-traces""}"
2019-01-25 09:55:00,latency_p50,"latency_p50{job=""demo-services""}",0.028502277050716215,"{""job"": ""demo-services"", ""source"": ""real-traces""}"
2019-01-25 10:00:00,latency_p50,"latency_p50{job=""demo-services""}",0.025117681454091795,"{""job"": ""demo-services"", ""source"": ""real-traces""}"
2019-01-25 10:05:00,latency_p50,"latency_p50{job=""demo-services""}",0.025913896470300048,"{""job"": ""demo-services"", ""source"": ""real-traces""}"
2019-01-25 10:10:00,latency_p50,"latency_p50{job=""demo-services""}",0.02288490563745644,"{""job"": ""demo-services"", ""source"": ""real-traces""}"
2019-01-25 10:15:00,latency_p50,"latency_p50{job=""demo-services""}",0.02280924100679959,"{""job"": ""demo-services"", ""source"": ""real-traces""}"
2019-01-25 10:20:00,latency_p50,"latency_p50{job=""demo-services""}",0.025796652606965325,"{""job"": ""demo-services"", ""source"": ""real-traces""}"
2019-01-25 10:25:00,latency_p50,"latency_p50{job=""demo-services""}",0.03076660246835351,"{""job"": ""demo-services"", ""source"": ""real-traces""}"
2019-01-25 10:30:00,latency_p50,"latency_p50{job=""demo-services""}",0.026135466562297795,"{""job"": ""demo-services"", ""source"": ""real-traces""}"
2019-01-25 10:35:00,latency_p50,"latency_p50{job=""demo-services""}",0.022643651188166938,"{""job"": ""demo-services"", ""source"": ""real-traces""}"
2019-01-25 10:40:00,latency_p50,"latency_p50{job=""demo-services""}",0.022948430295052384,"{""job"": ""demo-services"", ""source"": ""real-traces""}"
2019-01-25 10:45:00,latency_p50,"latency_p50{job=""demo-services""}",0.025052022442837107,"{""job"": ""demo-services"", ""source"": ""real-traces""}"
2019-01-25 10:50:00,latency_p50,"latency_p50{job=""demo-services""}",0.022455337852281775,"{""job"": ""demo-services"", ""source"": ""real-traces""}"
2019-01-25 10:55:00,latency_p50,"latency_p50{job=""demo-services""}",0.026439276751514453,"{""job"": ""demo-services"", ""source"": ""real-traces""}"
2019-01-25 11:00:00,latency_p50,"latency_p50{job=""demo-services""}",0.022477176632128098,"{""job"": ""demo-services"", ""source"": ""real-traces""}"
2019-01-25 11:05:00,latency_p50,"latency_p50{job=""demo-services""}",0.02914676243480869,"{""job"": ""demo-services"", ""source"": ""real-traces""}"
2019-01-25 11:10:00,latency_p50,"latency_p50{job=""demo-services""}",0.018981259651908774,"{""job"": ""demo-services"", ""source"": ""real-traces""}"
2019-01-25 11:15:00,latency_p50,"latency_p50{job=""demo-services""}",0.028996952097829775,"{""job"": ""demo-services"", ""source"": ""real-traces""}"
2019-01-25 11:20:00,latency_p50,"latency_p50{job=""demo-services""}",0.022359216920579027,"{""job"": ""demo-services"", ""source"": ""real-traces""}"
2019-01-25 11:25:00,latency_p50,"latency_p50{job=""demo-services""}",0.02340435765644753,"{""job"": ""demo-services"", ""source"": ""real-traces""}"
2019-01-25 11:30:00,latency_p50,"latency_p50{job=""demo-services""}",0.026844062280107144,"{""job"": ""demo-services"", ""source"": ""real-traces""}"
2019-01-25 11:35:00,latency_p50,"latency_p50{job=""demo-services""}",0.029458457495525107,"{""job"": ""demo-services"", ""source"": ""real-traces""}"
2019-01-25 11:40:00,latency_p50,"latency_p50{job=""demo-services""}",0.025492427393165287,"{""job"": ""demo-services"", ""source"": ""real-traces""}"
2019-01-25 11:45:00,latency_p50,"latency_p50{job=""demo-services""}",0.032046514301902036,"{""job"": ""demo-services"", ""source"": ""real-traces""}"
2019-01-25 11:50:00,latency_p50,"latency_p50{job=""demo-services""}",0.02646558146270934,"{""job"": ""demo-services"", ""source"": ""real-traces""}"
2019-01-25 11:55:00,latency_p50,"latency_p50{job=""demo-services""}",0.02112750321395948,"{""job"": ""demo-services"", ""source"": ""real-traces""}"
2019-01-25 12:00:00,latency_p50,"latency_p50{job=""demo-services""}",0.021581112814620843,"{""job"": ""demo-services"", ""source"": ""real-traces""}"
2019-01-25 12:05:00,latency_p50,"latency_p50{job=""demo-services""}",0.043581278458261194,"{""job"": ""demo-services"", ""source"": ""real-traces""}"
2019-01-25 12:10:00,latency_p50,"latency_p50{job=""demo-services""}",0.029676298756115892,"{""job"": ""demo-services"", ""source"": ""real-traces""}"
2019-01-25 12:15:00,latency_p50,"latency_p50{job=""demo-services""}",0.02300587170250558,"{""job"": ""demo-services"", ""source"": ""real-traces""}"
2019-01-25 12:20:00,latency_p50,"latency_p50{job=""demo-services""}",0.02488570329895341,"{""job"": ""demo-services"", ""source"": ""real-traces""}"
2019-01-25 12:25:00,latency_p50,"latency_p50{job=""demo-services""}",0.027161333134316304,"{""job"": ""demo-services"", ""source"": ""real-traces""}"
2019-01-25 12:30:00,latency_p50,"latency_p50{job=""demo-services""}",0.0334023031994229,"{""job"": ""demo-services"", ""source"": ""real-traces""}"
2019-01-25 12:35:00,latency_p50,"latency_p50{job=""demo-services""}",0.03321515931907,"{""job"": ""demo-services"", ""source"": ""real-traces""}"
2019-01-25 12:40:00,latency_p50,"latency_p50{job=""demo-services""}",0.025207567967046655,"{""job"": ""demo-services"", ""source"": ""real-traces""}"
2019-01-25 12:45:00,latency_p50,"latency_p50{job=""demo-services""}",0.026141254069918053,"{""job"": ""demo-services"", ""source"": ""real-traces""}"
2019-01-25 12:50:00,latency_p50,"latency_p50{job=""demo-services""}",0.02471609206523054,"{""job"": ""demo-services"", ""source"": ""real-traces""}"
2019-01-25 12:55:00,latency_p50,"latency_p50{job=""demo-services""}",0.02651960592716129,"{""job"": ""demo-services"", ""source"": ""real-traces""}"
2019-01-25 13:00:00,latency_p50,"latency_p50{job=""demo-services""}",0.025181890092786735,"{""job"": ""demo-services"", ""source"": ""real-traces""}"
2019-01-25 13:05:00,latency_p50,"latency_p50{job=""demo-services""}",0.025212313193429252,"{""job"": ""demo-services"", ""source"": ""real-traces""}"
2019-01-25 13:10:00,latency_p50,"latency_p50{job=""demo-services""}",0.026705305323936532,"{""job"": ""demo-services"", ""source"": ""real-traces""}"
2019-01-25 13:15:00,latency_p50,"latency_p50{job=""demo-services""}",0.025804867400744308,"{""job"": ""demo-services"", ""source"": ""real-traces""}"
2019-01-25 13:20:00,latency_p50,"latency_p50{job=""demo-services""}",0.030524297989575167,"{""job"": ""demo-services"", ""source"": ""real-traces""}"
2019-01-25 13:25:00,latency_p50,"latency_p50{job=""demo-services""}",0.0186729429678179,"{""job"": ""demo-services"", ""source"": ""real-traces""}"
2019-01-25 13:30:00,latency_p50,"latency_p50{job=""demo-services""}",0.026033939236220497,"{""job"": ""demo-services"", ""source"": ""real-traces""}"
2019-01-25 13:35:00,latency_p50,"latency_p50{job=""demo-services""}",0.02421148992455127,"{""job"": ""demo-services"", ""source"": ""real-traces""}"
2019-01-25 13:40:00,latency_p50,"latency_p50{job=""demo-services""}",0.02926478956718022,"{""job"": ""demo-services"", ""source"": ""real-traces""}"
2019-01-25 13:45:00,latency_p50,"latency_p50{job=""demo-services""}",0.023450940955831726,"{""job"": ""demo-services"", ""source"": ""real-traces""}"
2019-01-25 13:50:00,latency_p50,"latency_p50{job=""demo-services""}",0.01586253536746065,"{""job"": ""demo-services"", ""source"": ""real-traces""}"
2019-01-25 13:55:00,latency_p50,"latency_p50{job=""demo-services""}",0.028046246897232504,"{""job"": ""demo-services"", ""source"": ""real-traces""}"
2019-01-25 14:00:00,latency_p50,"latency_p50{job=""demo-services""}",0.029212262103433525,"{""job"": ""demo-services"", ""source"": ""real-traces""}"
2019-01-25 14:05:00,latency_p50,"latency_p50{job=""demo-services""}",0.035791265232602926,"{""job"": ""demo-services"", ""source"": ""real-traces""}"
2019-01-25 14:10:00,latency_p50,"latency_p50{job=""demo-services""}",0.022050945228078916,"{""job"": ""demo-services"", ""source"": ""real-traces""}"
2019-01-25 14:15:00,latency_p50,"latency_p50{job=""demo-services""}",0.02648414366054424,"{""job"": ""demo-services"", ""source"": ""real-traces""}"
2019-01-25 14:20:00,latency_p50,"latency_p50{job=""demo-services""}",0.02548818487710085,"{""job"": ""demo-services"", ""source"": ""real-traces""}"
2019-01-25 14:25:00,latency_p50,"latency_p50{job=""demo-services""}",0.021562816583357826,"{""job"": ""demo-services"", ""source"": ""real-traces""}"
2019-01-25 14:30:00,latency_p50,"latency_p50{job=""demo-services""}",0.027030057833445326,"{""job"": ""demo-services"", ""source"": ""real-traces""}"
2019-01-25 14:35:00,latency_p50,"latency_p50{job=""demo-services""}",0.0340591738805533,"{""job"": ""demo-services"", ""source"": ""real-traces""}"
2019-01-25 14:40:00,latency_p50,"latency_p50{job=""demo-services""}",0.025588363811876017,"{""job"": ""demo-services"", ""source"": ""real-traces""}"
2019-01-25 14:45:00,latency_p50,"latency_p50{job=""demo-services""}",0.024383250001352184,"{""job"": ""demo-services"", ""source"": ""real-traces""}"
2019-01-25 14:50:00,latency_p50,"latency_p50{job=""demo-services""}",0.02410564437684013,"{""job"": ""demo-services"", ""source"": ""real-traces""}"
2019-01-25 14:55:00,latency_p50,"latency_p50{job=""demo-services""}",0.027852287915619656,"{""job"": ""demo-services"", ""source"": ""real-traces""}"
2019-01-25 15:00:00,latency_p50,"latency_p50{job=""demo-services""}",0.025007798858347616,"{""job"": ""demo-services"", ""source"": ""real-traces""}"
2019-01-25 15:05:00,latency_p50,"latency_p50{job=""demo-services""}",0.029285459525288077,"{""job"": ""demo-services"", ""source"": ""real-traces""}"
2019-01-25 15:10:00,latency_p50,"latency_p50{job=""demo-services""}",0.02545006634794368,"{""job"": ""demo-services"", ""source"": ""real-traces""}"
2019-01-25 15:15:00,latency_p50,"latency_p50{job=""demo-services""}",0.019974339447241404,"{""job"": ""demo-services"", ""source"": ""real-traces""}"
2019-01-25 15:20:00,latency_p50,"latency_p50{job=""demo-services""}",0.03217569386862482,"{""job"": ""demo-services"", ""source"": ""real-traces""}"
2019-01-25 15:25:00,latency_p50,"latency_p50{job=""demo-services""}",0.02288788242568733,"{""job"": ""demo-services"", ""source"": ""real-traces""}"
2019-01-25 15:30:00,latency_p50,"latency_p50{job=""demo-services""}",0.030589303419537545,"{""job"": ""demo-services"", ""source"": ""real-traces""}"
2019-01-25 15:35:00,latency_p50,"latency_p50{job=""demo-services""}",0.026749457397422946,"{""job"": ""demo-services"", ""source"": ""real-traces""}"
2019-01-25 15:40:00,latency_p50,"latency_p50{job=""demo-services""}",0.025365495980539686,"{""job"": ""demo-services"", ""source"": ""real-traces""}"
2019-01-25 15:45:00,latency_p50,"latency_p50{job=""demo-services""}",0.0243436149902055,"{""job"": ""demo-services"", ""source"": ""real-traces""}"
2019-01-25 15:50:00,latency_p50,"latency_p50{job=""demo-services""}",0.0266131356846636,"{""job"": ""demo-services"", ""source"": ""real-traces""}"
2019-01-25 15:55:00,latency_p50,"latency_p50{job=""demo-services""}",0.027079267394746465,"{""job"": ""demo-services"", ""source"": ""real-traces""}"
2019-01-25 16:00:00,latency_p50,"latency_p50{job=""demo-services""}",0.024296735323564852,"{""job"": ""demo-services"", ""source"": ""real-traces""}"
2019-01-25 16:05:00,latency_p50,"latency_p50{job=""demo-services""}",0.017219624093323668,"{""job"": ""demo-services"", ""source"": ""real-traces""}"
2019-01-25 16:10:00,latency_p50,"latency_p50{job=""demo-services""}",0.028979089857546034,"{""job"": ""demo-services"", ""source"": ""real-traces""}"
2019-01-25 16:15:00,latency_p50,"latency_p50{job=""demo-services""}",0.022583431918798344,"{""job"": ""demo-services"", ""source"": ""real-traces""}"
2019-01-25 16:20:00,latency_p50,"latency_p50{job=""demo-services""}",0.03324007526607047,"{""job"": ""demo-services"", ""source"": ""real-traces""}"
2019-01-25 16:25:00,latency_p50,"latency_p50{job=""demo-services""}",0.02606964840705305,"{""job"": ""demo-services"", ""source"": ""real-traces""}"
2019-01-25 16:30:00,latency_p50,"latency_p50{job=""demo-services""}",0.03239489922668946,"{""job"": ""demo-services"", ""source"": ""real-traces""}"
2019-01-25 16:35:00,latency_p50,"latency_p50{job=""demo-services""}",0.03017723395995331,"{""job"": ""demo-services"", ""source"": ""real-traces""}"
2019-01-25 16:40:00,latency_p50,"latency_p50{job=""demo-services""}",0.024452524970259126,"{""job"": ""demo-services"", ""source"": ""real-traces""}"
2019-01-25 16:45:00,latency_p50,"latency_p50{job=""demo-services""}",0.03754075209253502,"{""job"": ""demo-services"", ""source"": ""real-traces""}"
2019-01-25 16:50:00,latency_p50,"latency_p50{job=""demo-services""}",0.027940460158572048,"{""job"": ""demo-services"", ""source"": ""real-traces""}"
2019-01-25 16:55:00,latency_p50,"latency_p50{job=""demo-services""}",0.021372325082989536,"{""job"": ""demo-services"", ""source"": ""real-traces""}"
2019-01-25 17:00:00,latency_p50,"latency_p50{job=""demo-services""}",0.02854552206697157,"{""job"": ""demo-services"", ""source"": ""real-traces""}"
2019-01-25 17:05:00,latency_p50,"latency_p50{job=""demo-services""}",0.032641142756145824,"{""job"": ""demo-services"", ""source"": ""real-traces""}"
2019-01-25 17:10:00,latency_p50,"latency_p50{job=""demo-services""}",0.02373320566337793,"{""job"": ""demo-services"", ""source"": ""real-traces""}"
2019-01-25 17:15:00,latency_p50,"latency_p50{job=""demo-services""}",0.019680431360388446,"{""job"": ""demo-services"", ""source"": ""real-traces""}"
2019-01-25 17:20:00,latency_p50,"latency_p50{job=""demo-services""}",0.028990438382514503,"{""job"": ""demo-services"", ""source"": ""real-traces""}"
2019-01-25 17:25:00,latency_p50,"latency_p50{job=""demo-services""}",0.04382009455877722,"{""job"": ""demo-services"", ""source"": ""real-traces""}"
2019-01-25 17:30:00,latency_p50,"latency_p50{job=""demo-services""}",0.03238387005253927,"{""job"": ""demo-services"", ""source"": ""real-traces""}"
2019-01-25 17:35:00,latency_p50,"latency_p50{job=""demo-services""}",0.020571126392262586,"{""job"": ""demo-services"", ""source"": ""real-traces""}"
2019-01-25 17:40:00,latency_p50,"latency_p50{job=""demo-services""}",0.024228617661792833,"{""job"": ""demo-services"", ""source"": ""real-traces""}"
2019-01-25 17:45:00,latency_p50,"latency_p50{job=""demo-services""}",0.0291943810447476,"{""job"": ""demo-services"", ""source"": ""real-traces""}"
2019-01-25 17:50:00,latency_p50,"latency_p50{job=""demo-services""}",0.02857207520876749,"{""job"": ""demo-services"", ""source"": ""real-traces""}"
2019-01-25 17:55:00,latency_p50,"latency_p50{job=""demo-services""}",0.02810944739492935,"{""job"": ""demo-services"", ""source"": ""real-traces""}"
2019-01-25 18:00:00,latency_p50,"latency_p50{job=""demo-services""}",0.03075748147069471,"{""job"": ""demo-services"", ""source"": ""real-traces""}"
2019-01-25 18:05:00,latency_p50,"latency_p50{job=""demo-services""}",0.03110201630293783,"{""job"": ""demo-services"", ""source"": ""real-traces""}"
2019-01-25 18:10:00,latency_p50,"latency_p50{job=""demo-services""}",0.02510446083792484,"{""job"": ""demo-services"", ""source"": ""real-traces""}"
2019-01-25 18:15:00,latency_p50,"latency_p50{job=""demo-services""}",0.015554299175397794,"{""job"": ""demo-services"", ""source"": ""real-traces""}"
2019-01-25 18:20:00,latency_p50,"latency_p50{job=""demo-services""}",0.024858446126969667,"{""job"": ""demo-services"", ""source"": ""real-traces""}"
2019-01-25 18:25:00,latency_p50,"latency_p50{job=""demo-services""}",0.035258942584000225,"{""job"": ""demo-services"", ""source"": ""real-traces""}"
2019-01-25 18:30:00,latency_p50,"latency_p50{job=""demo-services""}",0.027052703977099232,"{""job"": ""demo-services"", ""source"": ""real-traces""}"
2019-01-25 18:35:00,latency_p50,"latency_p50{job=""demo-services""}",0.02613242107394258,"{""job"": ""demo-services"", ""source"": ""real-traces""}"
2019-01-25 18:40:00,latency_p50,"latency_p50{job=""demo-services""}",0.03511969140318604,"{""job"": ""demo-services"", ""source"": ""real-traces""}"
2019-01-25 18:45:00,latency_p50,"latency_p50{job=""demo-services""}",0.0239014929677888,"{""job"": ""demo-services"", ""source"": ""real-traces""}"
2019-01-25 18:50:00,latency_p50,"latency_p50{job=""demo-services""}",0.02649910250819807,"{""job"": ""demo-services"", ""source"": ""real-traces""}"
2019-01-25 18:55:00,latency_p50,"latency_p50{job=""demo-services""}",0.02509779962961503,"{""job"": ""demo-services"", ""source"": ""real-traces""}"
2019-01-25 19:00:00,latency_p50,"latency_p50{job=""demo-services""}",0.02937458993962853,"{""job"": ""demo-services"", ""source"": ""real-traces""}"
2019-01-25 19:05:00,latency_p50,"latency_p50{job=""demo-services""}",0.027226810418675647,"{""job"": ""demo-services"", ""source"": ""real-traces""}"
2019-01-25 19:10:00,latency_p50,"latency_p50{job=""demo-services""}",0.030086748026472893,"{""job"": ""demo-services"", ""source"": ""real-traces""}"
2019-01-25 19:15:00,latency_p50,"latency_p50{job=""demo-services""}",0.026386605133332183,"{""job"": ""demo-services"", ""source"": ""real-traces""}"
2019-01-25 19:20:00,latency_p50,"latency_p50{job=""demo-services""}",0.018403825033247397,"{""job"": ""demo-services"", ""source"": ""real-traces""}"
2019-01-25 19:25:00,latency_p50,"latency_p50{job=""demo-services""}",0.034791509057887506,"{""job"": ""demo-services"", ""source"": ""real-traces""}"
2019-01-25 19:30:00,latency_p50,"latency_p50{job=""demo-services""}",0.030638795822841812,"{""job"": ""demo-services"", ""source"": ""real-traces""}"
2019-01-25 19:35:00,latency_p50,"latency_p50{job=""demo-services""}",0.018210757863675774,"{""job"": ""demo-services"", ""source"": ""real-traces""}"
2019-01-25 19:40:00,latency_p50,"latency_p50{job=""demo-services""}",0.024789946120310352,"{""job"": ""demo-services"", ""source"": ""real-traces""}"
2019-01-25 19:45:00,latency_p50,"latency_p50{job=""demo-services""}",0.03173314486743129,"{""job"": ""demo-services"", ""source"": ""real-traces""}"
2019-01-25 19:50:00,latency_p50,"latency_p50{job=""demo-services""}",0.028093918201109284,"{""job"": ""demo-services"", ""source"": ""real-traces""}"
2019-01-25 19:55:00,latency_p50,"latency_p50{job=""demo-services""}",0.03281088414632682,"{""job"": ""demo-services"", ""source"": ""real-traces""}"
2019-01-25 20:00:00,latency_p50,"latency_p50{job=""demo-services""}",0.020850481445402445,"{""job"": ""demo-services"", ""source"": ""real-traces""}"
2019-01-25 20:05:00,latency_p50,"latency_p50{job=""demo-services""}",0.021718004604922857,"{""job"": ""demo-services"", ""source"": ""real-traces""}"
2019-01-25 20:10:00,latency_p50,"latency_p50{job=""demo-services""}",0.02183424974754471,"{""job"": ""demo-services"", ""source"": ""real-traces""}"
2019-01-25 20:15:00,latency_p50,"latency_p50{job=""demo-services""}",0.034148703945100264,"{""job"": ""demo-services"", ""source"": ""real-traces""}"
2019-01-25 20:20:00,latency_p50,"latency_p50{job=""demo-services""}",0.022374912882492246,"{""job"": ""demo-services"", ""source"": ""real-traces""}"
2019-01-25 20:25:00,latency_p50,"latency_p50{job=""demo-services""}",0.026140261245849648,"{""job"": ""demo-services"", ""source"": ""real-traces""}"
2019-01-25 20:30:00,latency_p50,"latency_p50{job=""demo-services""}",0.02823177851070801,"{""job"": ""demo-services"", ""source"": ""real-traces""}"
2019-01-25 20:35:00,latency_p50,"latency_p50{job=""demo-services""}",0.032588887880536196,"{""job"": ""demo-services"", ""source"": ""real-traces""}"
2019-01-25 20:40:00,latency_p50,"latency_p50{job=""demo-services""}",0.023183910552515848,"{""job"": ""demo-services"", ""source"": ""real-traces""}"
2019-01-25 20:45:00,latency_p50,"latency_p50{job=""demo-services""}",0.021334201375063536,"{""job"": ""demo-services"", ""source"": ""real-traces""}"
2019-01-25 20:50:00,latency_p50,"latency_p50{job=""demo-services""}",0.026064569652547692,"{""job"": ""demo-services"", ""source"": ""real-traces""}"
2019-01-25 20:55:00,latency_p50,"latency_p50{job=""demo-services""}",0.027719695423211916,"{""job"": ""demo-services"", ""source"": ""real-traces""}"
2019-01-25 21:00:00,latency_p50,"latency_p50{job=""demo-services""}",0.023347576756936383,"{""job"": ""demo-services"", ""source"": ""real-traces""}"
2019-01-25 21:05:00,latency_p50,"latency_p50{job=""demo-services""}",0.02182067397169997,"{""job"": ""demo-services"", ""source"": ""real-traces""}"
2019-01-25 21:10:00,latency_p50,"latency_p50{job=""demo-services""}",0.03197017265206672,"{""job"": ""demo-services"", ""source"": ""real-traces""}"
2019-01-25 21:15:00,latency_p50,"latency_p50{job=""demo-services""}",0.02863967655223829,"{""job"": ""demo-services"", ""source"": ""real-traces""}"
2019-01-25 21:20:00,latency_p50,"latency_p50{job=""demo-services""}",0.02939095170784653,"{""job"": ""demo-services"", ""source"": ""real-traces""}"
2019-01-25 21:25:00,latency_p50,"latency_p50{job=""demo-services""}",0.022557411022461282,"{""job"": ""demo-services"", ""source"": ""real-traces""}"
2019-01-25 21:30:00,latency_p50,"latency_p50{job=""demo-services""}",0.02739232597776772,"{""job"": ""demo-services"", ""source"": ""real-traces""}"
2019-01-25 21:35:00,latency_p50,"latency_p50{job=""demo-services""}",0.027866201071374205,"{""job"": ""demo-services"", ""source"": ""real-traces""}"
2019-01-25 21:40:00,latency_p50,"latency_p50{job=""demo-services""}",0.013804774735283978,"{""job"": ""demo-services"", ""source"": ""real-traces""}"
2019-01-25 21:45:00,latency_p50,"latency_p50{job=""demo-services""}",0.024735559617245457,"{""job"": ""demo-services"", ""source"": ""real-traces""}"
2019-01-25 21:50:00,latency_p50,"latency_p50{job=""demo-services""}",0.026796151472171275,"{""job"": ""demo-services"", ""source"": ""real-traces""}"
2019-01-25 21:55:00,latency_p50,"latency_p50{job=""demo-services""}",0.027002752459329524,"{""job"": ""demo-services"", ""source"": ""real-traces""}"
2019-01-25 22:00:00,latency_p50,"latency_p50{job=""demo-services""}",0.028647043925849304,"{""job"": ""demo-services"", ""source"": ""real-traces""}"
2019-01-25 22:05:00,latency_p50,"latency_p50{job=""demo-services""}",0.02705375861222053,"{""job"": ""demo-services"", ""source"": ""real-traces""}"
2019-01-25 22:10:00,latency_p50,"latency_p50{job=""demo-services""}",0.02058655592060326,"{""job"": ""demo-services"", ""source"": ""real-traces""}"
2019-01-25 22:15:00,latency_p50,"latency_p50{job=""demo-services""}",0.030355701801987454,"{""job"": ""demo-services"", ""source"": ""real-traces""}"
2019-01-25 22:20:00,latency_p50,"latency_p50{job=""demo-services""}",0.02260169655738641,"{""job"": ""demo-services"", ""source"": ""real-traces""}"
2019-01-25 22:25:00,latency_p50,"latency_p50{job=""demo-services""}",0.029577140427137234,"{""job"": ""demo-services"", ""source"": ""real-traces""}"
2019-01-25 22:30:00,latency_p50,"latency_p50{job=""demo-services""}",0.02200073281167447,"{""job"": ""demo-services"", ""source"": ""real-traces""}"
2019-01-25 22:35:00,latency_p50,"latency_p50{job=""demo-services""}",0.024184665179157187,"{""job"": ""demo-services"", ""source"": ""real-traces""}"
2019-01-25 22:40:00,latency_p50,"latency_p50{job=""demo-services""}",0.024118162653149793,"{""job"": ""demo-services"", ""source"": ""real-traces""}"
2019-01-25 22:45:00,latency_p50,"latency_p50{job=""demo-services""}",0.029049057613344694,"{""job"": ""demo-services"", ""source"": ""real-traces""}"
2019-01-25 22:50:00,latency_p50,"latency_p50{job=""demo-services""}",0.027965426824165286,"{""job"": ""demo-services"", ""source"": ""real-traces""}"
2019-01-25 22:55:00,latency_p50,"latency_p50{job=""demo-services""}",0.028079329766992258,"{""job"": ""demo-services"", ""source"": ""real-traces""}"
2019-01-25 23:00:00,latency_p50,"latency_p50{job=""demo-services""}",0.01899977087748078,"{""job"": ""demo-services"", ""source"": ""real-traces""}"
2019-01-25 23:05:00,latency_p50,"latency_p50{job=""demo-services""}",0.0284840598266266,"{""job"": ""demo-services"", ""source"": ""real-traces""}"
2019-01-25 23:10:00,latency_p50,"latency_p50{job=""demo-services""}",0.036343140678337396,"{""job"": ""demo-services"", ""source"": ""real-traces""}"
2019-01-25 23:15:00,latency_p50,"latency_p50{job=""demo-services""}",0.022207073993550205,"{""job"": ""demo-services"", ""source"": ""real-traces""}"
2019-01-25 23:20:00,latency_p50,"latency_p50{job=""demo-services""}",0.02411392226089717,"{""job"": ""demo-services"", ""source"": ""real-traces""}"
2019-01-25 23:25:00,latency_p50,"latency_p50{job=""demo-services""}",0.036025307809190596,"{""job"": ""demo-services"", ""source"": ""real-traces""}"
2019-01-25 23:30:00,latency_p50,"latency_p50{job=""demo-services""}",0.027368335614847087,"{""job"": ""demo-services"", ""source"": ""real-traces""}"
2019-01-25 23:35:00,latency_p50,"latency_p50{job=""demo-services""}",0.02191534382566448,"{""job"": ""demo-services"", ""source"": ""real-traces""}"
2019-01-25 23:40:00,latency_p50,"latency_p50{job=""demo-services""}",0.02412183431310894,"{""job"": ""demo-services"", ""source"": ""real-traces""}"
2019-01-25 23:45:00,latency_p50,"latency_p50{job=""demo-services""}",0.028646281797989254,"{""job"": ""demo-services"", ""source"": ""real-traces""}"
2019-01-25 23:50:00,latency_p50,"latency_p50{job=""demo-services""}",0.02666191936511448,"{""job"": ""demo-services"", ""source"": ""real-traces""}"
2019-01-25 23:55:00,latency_p50,"latency_p50{job=""demo-services""}",0.03266866928366637,"{""job"": ""demo-services"", ""source"": ""real-traces""}"
